provider_id,npi,provider_name,specialty,state,network_status,phone
p-000001,9697354961,Jones Clinic,Cardiology,MD,IN,954-304-9935
p-000002,7831113321,Smith Clinic,PrimaryCare,MD,IN,438-717-1434
p-000003,7635473142,Brown Clinic,OBGYN,GA,IN,206-977-3615
p-000004,6756332150,Williams Clinic,Cardiology,NY,OUT,544-304-2519
p-000005,5710360983,Wilson Clinic,Endocrinology,NY,IN,244-947-8527
p-000006,9256195745,Johnson Clinic,Psychiatry,GA,IN,843-833-6925
p-000007,1298737106,Hernandez Clinic,Cardiology,NC,IN,281-438-2654
p-000008,6488854841,Hernandez Clinic,Orthopedics,NY,IN,579-563-4432
p-000009,9896606039,Hernandez Clinic,Cardiology,CA,IN,450-367-8573
p-000010,1240251661,Wilson Clinic,PrimaryCare,NY,IN,610-474-2084
p-000011,8378385615,Brown Clinic,Pulmonology,TX,IN,858-669-3340
p-000012,1599707677,Lopez Clinic,Psychiatry,CA,IN,964-798-8019
p-000013,7010379415,Brown Clinic,Cardiology,NC,IN,293-973-1771
p-000014,8217611860,Martinez Clinic,PrimaryCare,MD,IN,810-679-9669
p-000015,9639245200,Lopez Clinic,PrimaryCare,CA,IN,749-968-5371
p-000016,5774080233,Miller Clinic,Cardiology,FL,IN,939-936-5315
p-000017,4272602734,Rodriguez Clinic,PrimaryCare,GA,OUT,505-854-9317
p-000018,1854316681,Garcia Clinic,Orthopedics,NC,IN,997-743-1009
p-000019,6687206971,Smith Clinic,PrimaryCare,NC,OUT,514-445-1949
p-000020,5067116918,Johnson Clinic,Pulmonology,TX,IN,270-978-9727
p-000021,3361388464,Jones Clinic,Psychiatry,MO,OUT,633-416-9835
p-000022,8357059814,Miller Clinic,Pulmonology,TX,IN,648-729-8397
p-000023,2064746525,Johnson Clinic,Endocrinology,MD,IN,767-435-4608
p-000024,9894847574,Hernandez Clinic,PrimaryCare,VA,IN,232-538-2160
p-000025,6317189421,Hernandez Clinic,OBGYN,GA,IN,335-940-8744
p-000026,8664882079,Gonzalez Clinic,OBGYN,TX,IN,299-874-8062
p-000027,7114223633,Davis Clinic,Orthopedics,FL,IN,889-869-2612
p-000028,4700855390,Brown Clinic,Cardiology,VA,IN,659-343-7912
p-000029,6491309593,Brown Clinic,Orthopedics,MO,OUT,653-763-2604
p-000030,2015242176,Miller Clinic,OBGYN,VA,IN,610-260-3697
p-000031,6971815972,Anderson Clinic,Orthopedics,NY,IN,492-633-8973
p-000032,6110572428,Brown Clinic,PrimaryCare,MO,IN,755-262-6138
p-000033,9805294274,Davis Clinic,Psychiatry,VA,OUT,743-361-1931
p-000034,1798112150,Martinez Clinic,PrimaryCare,GA,IN,440-613-2964
p-000035,3553440342,Martinez Clinic,PrimaryCare,NC,IN,797-778-9565
p-000036,9309500117,Brown Clinic,Pulmonology,FL,IN,444-471-7484
p-000037,6583444930,Garcia Clinic,Orthopedics,MO,OUT,209-669-2638
p-000038,3309122187,Rodriguez Clinic,Endocrinology,MD,IN,557-270-5002
p-000039,2224011538,Davis Clinic,Orthopedics,FL,IN,509-826-9666
p-000040,7676965974,Anderson Clinic,Pulmonology,VA,IN,337-470-2891
p-000041,5962610986,Jones Clinic,Psychiatry,MD,IN,551-408-5325
p-000042,7393195616,Anderson Clinic,Orthopedics,GA,IN,849-633-5533
p-000043,5310195918,Gonzalez Clinic,Cardiology,VA,IN,468-365-8239
p-000044,8325785916,Rodriguez Clinic,PrimaryCare,GA,IN,907-352-9938
p-000045,8879525611,Martinez Clinic,Psychiatry,VA,IN,330-242-6050
p-000046,4696689457,Anderson Clinic,Endocrinology,FL,IN,455-882-2684
p-000047,4993808565,Wilson Clinic,Cardiology,FL,OUT,381-622-1406
p-000048,9292791081,Gonzalez Clinic,Pulmonology,MO,OUT,454-473-3608
p-000049,3021598245,Brown Clinic,Orthopedics,MD,OUT,558-512-4728
p-000050,9691572571,Brown Clinic,OBGYN,TX,IN,271-991-5573
p-000051,7597996327,Smith Clinic,PrimaryCare,FL,OUT,467-382-5349
p-000052,7161404428,Lopez Clinic,Orthopedics,VA,IN,820-723-2894
p-000053,6111349421,Smith Clinic,Pulmonology,NY,IN,732-751-4228
p-000054,2852408227,Hernandez Clinic,Endocrinology,FL,IN,879-327-5920
p-000055,7049001493,Miller Clinic,Pulmonology,GA,IN,330-396-7888
p-000056,4877520294,Martinez Clinic,Psychiatry,NY,IN,761-200-5978
p-000057,6197695041,Gonzalez Clinic,Psychiatry,CA,IN,529-676-8238
p-000058,3901796894,Rodriguez Clinic,OBGYN,IL,IN,953-373-2389
p-000059,2439622619,Wilson Clinic,Orthopedics,CA,IN,517-430-4262
p-000060,1104906255,Brown Clinic,OBGYN,MO,IN,986-274-8461
p-000061,3472487690,Lopez Clinic,Pulmonology,NY,IN,609-449-3417
p-000062,4803044105,Gonzalez Clinic,OBGYN,VA,IN,912-730-8611
p-000063,3394039673,Anderson Clinic,Orthopedics,VA,IN,336-675-9702
p-000064,7852415525,Gonzalez Clinic,OBGYN,GA,IN,936-716-7991
p-000065,8995059760,Davis Clinic,Endocrinology,GA,IN,852-483-9540
p-000066,3691864041,Jones Clinic,OBGYN,IL,IN,492-440-5451
p-000067,3319936135,Williams Clinic,Cardiology,FL,IN,910-356-4505
p-000068,7076811348,Garcia Clinic,Psychiatry,MD,IN,263-411-7883
p-000069,3987248494,Wilson Clinic,Orthopedics,NY,IN,688-206-6763
p-000070,8531118333,Wilson Clinic,Orthopedics,CA,IN,965-952-9947
p-000071,4856070374,Davis Clinic,Cardiology,NC,IN,697-229-7371
p-000072,8722962486,Lopez Clinic,Cardiology,FL,IN,330-837-9751
p-000073,9190197115,Martinez Clinic,Psychiatry,VA,IN,285-858-8022
p-000074,9018065507,Williams Clinic,PrimaryCare,MO,IN,535-416-8449
p-000075,9072992279,Jones Clinic,Orthopedics,FL,OUT,631-458-2341
p-000076,9673185158,Rodriguez Clinic,PrimaryCare,IL,OUT,558-429-2124
p-000077,4239406957,Brown Clinic,Cardiology,VA,IN,836-356-4908
p-000078,5070585433,Davis Clinic,Pulmonology,MO,IN,577-371-2876
p-000079,9438411468,Johnson Clinic,Psychiatry,MO,IN,519-789-7149
p-000080,1851819913,Martinez Clinic,Pulmonology,NY,IN,448-304-5941
p-000081,4459716271,Gonzalez Clinic,Psychiatry,NC,IN,555-745-8018
p-000082,9886101513,Hernandez Clinic,Endocrinology,FL,IN,630-701-2729
p-000083,9421518487,Hernandez Clinic,Orthopedics,NY,IN,356-645-3885
p-000084,7371573279,Miller Clinic,Orthopedics,GA,IN,474-530-5022
p-000085,2936179853,Gonzalez Clinic,OBGYN,MD,IN,884-588-6511
p-000086,2395925222,Davis Clinic,Cardiology,VA,IN,464-548-5581
p-000087,9633533290,Brown Clinic,PrimaryCare,NC,IN,616-700-4937
p-000088,7403028869,Gonzalez Clinic,PrimaryCare,IL,IN,426-614-4986
p-000089,6879898071,Rodriguez Clinic,Psychiatry,CA,IN,963-763-6419
p-000090,8313706299,Jones Clinic,Endocrinology,FL,IN,323-938-4155
p-000091,1795212538,Brown Clinic,Pulmonology,FL,IN,941-803-9595
p-000092,6128695961,Brown Clinic,Endocrinology,NC,IN,214-925-9751
p-000093,2178158203,Smith Clinic,Psychiatry,MO,IN,329-853-9042
p-000094,4748302739,Martinez Clinic,Endocrinology,MD,IN,651-548-4020
p-000095,8996039244,Johnson Clinic,Orthopedics,VA,IN,703-275-1878
p-000096,2304963614,Brown Clinic,PrimaryCare,MO,IN,626-820-4697
p-000097,6928678489,Anderson Clinic,OBGYN,GA,IN,802-639-6003
p-000098,3667292043,Martinez Clinic,Pulmonology,NC,IN,981-412-4457
p-000099,3836517266,Williams Clinic,Cardiology,CA,IN,276-360-1043
p-000100,7845366946,Jones Clinic,PrimaryCare,NY,IN,923-489-8438
p-000101,3952295757,Anderson Clinic,Endocrinology,MD,IN,840-803-4241
p-000102,1610900200,Smith Clinic,Cardiology,NY,IN,809-966-5728
p-000103,5829062179,Lopez Clinic,Endocrinology,IL,IN,478-712-9847
p-000104,2880160025,Martinez Clinic,PrimaryCare,IL,OUT,952-530-5102
p-000105,1392245997,Hernandez Clinic,Orthopedics,VA,OUT,801-221-5415
p-000106,4248149900,Davis Clinic,Psychiatry,NC,IN,484-385-8141
p-000107,5162060546,Davis Clinic,Endocrinology,IL,IN,528-886-2713
p-000108,6711463258,Lopez Clinic,OBGYN,MO,IN,610-978-1601
p-000109,5673181221,Jones Clinic,Endocrinology,IL,IN,991-613-9431
p-000110,7625389037,Miller Clinic,PrimaryCare,VA,IN,570-837-9167
p-000111,4264134512,Brown Clinic,Endocrinology,IL,IN,494-648-8941
p-000112,4433026356,Lopez Clinic,Cardiology,MD,IN,214-765-7684
p-000113,5782279101,Johnson Clinic,Pulmonology,MD,IN,710-933-5781
p-000114,8324687182,Miller Clinic,Orthopedics,GA,IN,683-449-8483
p-000115,5916199809,Brown Clinic,Psychiatry,GA,IN,339-271-5526
p-000116,5305985001,Lopez Clinic,Endocrinology,NY,IN,793-875-9022
p-000117,7375197714,Garcia Clinic,Psychiatry,MO,IN,586-666-6272
p-000118,2644847276,Wilson Clinic,Orthopedics,TX,IN,525-962-8749
p-000119,5212581851,Davis Clinic,PrimaryCare,NY,IN,804-539-2644
p-000120,9205284543,Smith Clinic,Pulmonology,IL,IN,870-358-2225
p-000121,6433231472,Martinez Clinic,Pulmonology,IL,IN,282-536-9742
p-000122,9392965643,Hernandez Clinic,Pulmonology,NY,OUT,699-754-1588
p-000123,1293864877,Hernandez Clinic,Pulmonology,NC,OUT,432-964-2480
p-000124,5201928545,Gonzalez Clinic,Pulmonology,NY,IN,302-654-3725
p-000125,4880176825,Smith Clinic,Endocrinology,CA,IN,500-567-7141
p-000126,1625217504,Rodriguez Clinic,OBGYN,NY,IN,384-374-3868
p-000127,3934040683,Davis Clinic,Psychiatry,MD,IN,672-853-5161
p-000128,8750840032,Anderson Clinic,Endocrinology,IL,IN,361-275-8237
p-000129,9426850694,Lopez Clinic,Endocrinology,FL,IN,509-403-7302
p-000130,1458072318,Miller Clinic,Psychiatry,IL,IN,502-916-5837
p-000131,8122042835,Jones Clinic,PrimaryCare,VA,IN,902-996-1803
p-000132,8495457335,Wilson Clinic,Endocrinology,NC,IN,435-821-6772
p-000133,3734252963,Martinez Clinic,Endocrinology,TX,IN,938-985-3240
p-000134,3776011793,Jones Clinic,Orthopedics,MD,IN,793-573-3153
p-000135,9201789018,Garcia Clinic,Pulmonology,MD,IN,405-335-9837
p-000136,9218363978,Wilson Clinic,Cardiology,FL,IN,693-502-6549
p-000137,1323408297,Gonzalez Clinic,Cardiology,MD,OUT,941-890-7511
p-000138,2570991899,Gonzalez Clinic,OBGYN,GA,IN,749-326-8451
p-000139,8182649048,Martinez Clinic,OBGYN,FL,IN,580-310-4830
p-000140,9697414638,Anderson Clinic,Psychiatry,IL,IN,824-426-2035
p-000141,2753617371,Williams Clinic,PrimaryCare,IL,OUT,511-704-2902
p-000142,3308745090,Miller Clinic,OBGYN,MD,IN,960-913-9850
p-000143,4120719599,Anderson Clinic,OBGYN,NY,IN,701-830-7686
p-000144,9730449971,Garcia Clinic,Cardiology,CA,IN,441-571-2627
p-000145,2540492440,Miller Clinic,Endocrinology,FL,IN,325-665-2501
p-000146,1091729577,Gonzalez Clinic,Endocrinology,TX,IN,328-778-4362
p-000147,3380304322,Martinez Clinic,Cardiology,MD,IN,438-536-3417
p-000148,5307145891,Wilson Clinic,Cardiology,NC,OUT,753-456-3858
p-000149,1110724913,Smith Clinic,Endocrinology,MD,IN,443-802-6304
p-000150,6043349038,Smith Clinic,Cardiology,VA,IN,738-316-2041
p-000151,3549776132,Davis Clinic,Psychiatry,IL,IN,829-244-9543
p-000152,5140460939,Smith Clinic,OBGYN,CA,IN,636-902-2768
p-000153,2905085701,Anderson Clinic,PrimaryCare,IL,IN,351-267-3067
p-000154,8353640266,Miller Clinic,Psychiatry,CA,IN,664-717-8048
p-000155,4717261214,Miller Clinic,OBGYN,MD,OUT,623-547-8430
p-000156,5703357871,Miller Clinic,Endocrinology,NY,IN,583-356-8770
p-000157,1366637148,Miller Clinic,PrimaryCare,MD,IN,581-333-1982
p-000158,7707379050,Hernandez Clinic,PrimaryCare,NC,IN,881-968-7929
p-000159,9454207717,Martinez Clinic,Endocrinology,VA,IN,791-719-4485
p-000160,8115628227,Brown Clinic,Orthopedics,MO,IN,769-576-2882
p-000161,3465740756,Gonzalez Clinic,OBGYN,CA,IN,985-836-1430
p-000162,2148679234,Williams Clinic,Endocrinology,NC,IN,516-547-6751
p-000163,8118240999,Johnson Clinic,Cardiology,VA,IN,231-293-9691
p-000164,6910709963,Davis Clinic,Endocrinology,TX,IN,519-938-6314
p-000165,3560761628,Anderson Clinic,PrimaryCare,NC,IN,972-832-1815
p-000166,6463640105,Hernandez Clinic,OBGYN,MD,IN,652-624-5475
p-000167,5783809766,Miller Clinic,PrimaryCare,TX,IN,894-807-8972
p-000168,8160279830,Smith Clinic,Cardiology,GA,IN,813-256-1125
p-000169,6392415228,Garcia Clinic,PrimaryCare,TX,IN,964-640-3878
p-000170,4022245086,Rodriguez Clinic,Psychiatry,MO,IN,562-273-7505
p-000171,2873548915,Davis Clinic,PrimaryCare,VA,OUT,789-639-7626
p-000172,2243458354,Miller Clinic,PrimaryCare,NY,OUT,375-832-8538
p-000173,5673482258,Wilson Clinic,PrimaryCare,FL,IN,803-610-9584
p-000174,2458198451,Garcia Clinic,Orthopedics,MD,IN,722-848-2868
p-000175,3190227431,Anderson Clinic,Orthopedics,GA,IN,944-860-3419
p-000176,1441542090,Jones Clinic,Cardiology,TX,IN,356-978-2234
p-000177,7991986741,Davis Clinic,Orthopedics,MO,IN,793-659-6295
p-000178,5943324387,Johnson Clinic,OBGYN,FL,IN,510-481-1920
p-000179,3178995337,Jones Clinic,OBGYN,FL,IN,258-577-5703
p-000180,9977755129,Martinez Clinic,Psychiatry,MD,IN,794-767-1672
p-000181,6103449651,Martinez Clinic,OBGYN,IL,IN,263-661-2695
p-000182,9952125442,Hernandez Clinic,Cardiology,FL,IN,924-648-8199
p-000183,5976777081,Garcia Clinic,Endocrinology,GA,IN,993-546-1857
p-000184,5578056564,Johnson Clinic,Psychiatry,FL,IN,490-458-3463
p-000185,9939982945,Hernandez Clinic,Cardiology,FL,OUT,517-871-7421
p-000186,5028688786,Jones Clinic,Psychiatry,MO,IN,536-330-9624
p-000187,2554039848,Garcia Clinic,Endocrinology,MD,IN,419-549-8967
p-000188,1590838716,Johnson Clinic,Endocrinology,TX,IN,303-719-9843
p-000189,9752058817,Garcia Clinic,Orthopedics,GA,IN,811-585-3527
p-000190,4876877928,Lopez Clinic,OBGYN,MO,IN,573-892-4891
p-000191,7917454662,Gonzalez Clinic,Pulmonology,IL,IN,439-746-4918
p-000192,8663811838,Anderson Clinic,Orthopedics,CA,IN,894-784-8218
p-000193,8599680717,Gonzalez Clinic,OBGYN,IL,IN,628-365-4271
p-000194,2073755632,Hernandez Clinic,OBGYN,NC,OUT,767-305-9452
p-000195,2224336336,Gonzalez Clinic,Cardiology,MD,IN,725-350-8167
p-000196,5409514899,Smith Clinic,OBGYN,MD,IN,441-595-2337
p-000197,1964386641,Garcia Clinic,PrimaryCare,FL,IN,865-543-3392
p-000198,5459478267,Anderson Clinic,Orthopedics,MO,IN,342-977-8685
p-000199,3642900640,Anderson Clinic,PrimaryCare,IL,IN,420-353-9991
p-000200,7561728644,Johnson Clinic,Orthopedics,NC,IN,508-324-1782
p-000201,2963288053,Johnson Clinic,Orthopedics,TX,OUT,811-748-1269
p-000202,3469810046,Lopez Clinic,Cardiology,GA,IN,201-829-6780
p-000203,7745949301,Williams Clinic,Pulmonology,TX,IN,736-569-2108
p-000204,5382302465,Wilson Clinic,OBGYN,GA,IN,596-582-5155
p-000205,5585133383,Brown Clinic,Pulmonology,VA,IN,306-990-6447
p-000206,5485387618,Rodriguez Clinic,Endocrinology,MO,IN,379-997-8612
p-000207,3713284816,Gonzalez Clinic,Cardiology,IL,IN,994-668-1605
p-000208,1865826728,Gonzalez Clinic,Cardiology,CA,OUT,523-517-9444
p-000209,7627266377,Jones Clinic,PrimaryCare,NY,IN,395-492-6848
p-000210,6720572969,Johnson Clinic,Orthopedics,VA,IN,609-961-8204
p-000211,6097341120,Lopez Clinic,OBGYN,NY,IN,731-473-2353
p-000212,5633956194,Martinez Clinic,Orthopedics,NY,IN,500-528-2680
p-000213,6564731230,Davis Clinic,Psychiatry,MD,IN,370-906-8272
p-000214,2920407276,Lopez Clinic,Orthopedics,FL,OUT,829-645-5498
p-000215,9912233947,Hernandez Clinic,OBGYN,VA,IN,967-895-3621
p-000216,8650676663,Smith Clinic,Cardiology,VA,IN,997-860-7001
p-000217,3436297208,Martinez Clinic,Cardiology,FL,IN,579-580-8273
p-000218,3464975279,Rodriguez Clinic,Endocrinology,MD,IN,865-485-5089
p-000219,9701231535,Williams Clinic,OBGYN,MD,IN,775-320-5288
p-000220,8318786687,Brown Clinic,Psychiatry,CA,IN,702-404-3009
p-000221,4662861038,Davis Clinic,Cardiology,MO,OUT,655-289-6236
p-000222,4047453184,Rodriguez Clinic,Psychiatry,FL,IN,507-361-3852
p-000223,3185089287,Johnson Clinic,Cardiology,FL,IN,442-705-1430
p-000224,6879428703,Gonzalez Clinic,Psychiatry,FL,IN,288-267-6067
p-000225,8382488970,Rodriguez Clinic,OBGYN,NY,IN,788-275-3053
p-000226,3758823240,Davis Clinic,OBGYN,FL,IN,552-331-3981
p-000227,5952163720,Williams Clinic,Cardiology,MO,IN,926-430-6669
p-000228,9138644862,Wilson Clinic,PrimaryCare,GA,IN,850-764-5496
p-000229,7979417888,Martinez Clinic,Psychiatry,MO,IN,856-372-3526
p-000230,7894019119,Wilson Clinic,Psychiatry,MO,IN,229-283-1744
p-000231,7752277876,Martinez Clinic,Pulmonology,NC,IN,842-758-5745
p-000232,3074232200,Gonzalez Clinic,Orthopedics,CA,IN,504-664-2195
p-000233,5973917657,Miller Clinic,OBGYN,VA,IN,548-821-3353
p-000234,2712474804,Gonzalez Clinic,Endocrinology,FL,IN,308-526-4960
p-000235,5821194895,Davis Clinic,Cardiology,IL,IN,251-497-7293
p-000236,2795875043,Wilson Clinic,Cardiology,NC,IN,791-938-6123
p-000237,4277581356,Davis Clinic,Psychiatry,TX,IN,515-709-1379
p-000238,9354711271,Rodriguez Clinic,OBGYN,MD,OUT,420-797-6781
p-000239,5512036684,Davis Clinic,Psychiatry,VA,OUT,869-888-8710
p-000240,3305069227,Wilson Clinic,PrimaryCare,CA,IN,470-944-6992
p-000241,2571688961,Miller Clinic,PrimaryCare,NY,IN,399-571-5728
p-000242,7656585531,Wilson Clinic,Psychiatry,MD,IN,321-331-2584
p-000243,9533188043,Rodriguez Clinic,Endocrinology,NY,IN,403-816-9341
p-000244,3147818256,Smith Clinic,PrimaryCare,NY,IN,541-685-9508
p-000245,5895322075,Anderson Clinic,Psychiatry,IL,IN,602-831-5902
p-000246,7581349462,Lopez Clinic,Psychiatry,NC,IN,217-577-6427
p-000247,9503597301,Martinez Clinic,Endocrinology,MD,IN,942-904-1436
p-000248,7333316743,Hernandez Clinic,Orthopedics,NC,OUT,792-791-4728
p-000249,7801180691,Williams Clinic,Psychiatry,VA,IN,834-993-7229
p-000250,2040226318,Martinez Clinic,Pulmonology,MO,IN,219-651-6139
p-000251,5945359606,Lopez Clinic,Cardiology,NY,IN,993-826-8726
p-000252,4031281545,Rodriguez Clinic,Cardiology,VA,IN,878-689-9609
p-000253,6038780151,Anderson Clinic,Psychiatry,NY,IN,562-892-5331
p-000254,3079537716,Brown Clinic,Endocrinology,NC,IN,430-504-5735
p-000255,7395219544,Davis Clinic,Endocrinology,TX,IN,938-480-5715
p-000256,7627954353,Anderson Clinic,OBGYN,MD,IN,991-349-5758
p-000257,4067213499,Garcia Clinic,OBGYN,VA,IN,965-690-4505
p-000258,2166605339,Johnson Clinic,Psychiatry,TX,IN,445-448-1831
p-000259,2000025413,Johnson Clinic,OBGYN,GA,IN,683-302-3252
p-000260,5973319056,Hernandez Clinic,OBGYN,VA,IN,404-974-5706
p-000261,4301648719,Hernandez Clinic,Psychiatry,FL,IN,956-940-1611
p-000262,4597485607,Anderson Clinic,PrimaryCare,MO,OUT,606-707-4052
p-000263,4765583254,Smith Clinic,Endocrinology,CA,IN,309-543-5662
p-000264,5031086659,Wilson Clinic,Psychiatry,IL,IN,397-315-6417
p-000265,8435100486,Hernandez Clinic,Endocrinology,MO,IN,214-954-6523
p-000266,4252504650,Williams Clinic,Psychiatry,CA,OUT,615-637-9442
p-000267,5667503195,Hernandez Clinic,PrimaryCare,FL,IN,343-688-6301
p-000268,5324302451,Miller Clinic,Cardiology,TX,IN,473-537-5947
p-000269,5344083406,Hernandez Clinic,Endocrinology,NC,IN,263-883-2936
p-000270,2317723211,Miller Clinic,Pulmonology,IL,IN,920-988-6095
p-000271,9334966533,Garcia Clinic,Psychiatry,MD,IN,336-689-3509
p-000272,7896596272,Miller Clinic,Pulmonology,IL,IN,682-975-9806
p-000273,4272162158,Hernandez Clinic,Orthopedics,TX,IN,283-738-8319
p-000274,8317619798,Johnson Clinic,Psychiatry,GA,IN,760-717-4312
p-000275,3304937838,Williams Clinic,Endocrinology,NC,OUT,652-319-4365
p-000276,3099500153,Anderson Clinic,Psychiatry,NC,IN,256-664-3161
p-000277,7079202254,Martinez Clinic,PrimaryCare,GA,IN,888-515-1356
p-000278,9602885936,Brown Clinic,Psychiatry,NY,IN,633-552-2044
p-000279,5269728610,Anderson Clinic,PrimaryCare,GA,OUT,683-232-5703
p-000280,9434381915,Garcia Clinic,OBGYN,NY,IN,586-584-2314
p-000281,8989870040,Johnson Clinic,Cardiology,GA,OUT,602-741-3086
p-000282,4585531525,Gonzalez Clinic,PrimaryCare,TX,OUT,674-889-9920
p-000283,7579604766,Wilson Clinic,Cardiology,NY,IN,554-358-5516
p-000284,1484664056,Gonzalez Clinic,Pulmonology,TX,IN,984-216-4943
p-000285,1289012242,Martinez Clinic,PrimaryCare,TX,IN,888-920-1797
p-000286,4180599722,Miller Clinic,OBGYN,TX,IN,422-972-1924
p-000287,2242377075,Wilson Clinic,Pulmonology,MO,IN,791-812-6253
p-000288,6244338653,Jones Clinic,Endocrinology,TX,IN,805-952-3869
p-000289,7682327733,Smith Clinic,Endocrinology,NY,OUT,887-590-9592
p-000290,8285589122,Miller Clinic,Cardiology,FL,IN,388-972-9813
p-000291,6262814762,Wilson Clinic,Pulmonology,IL,IN,674-259-7761
p-000292,5870891270,Brown Clinic,Endocrinology,NY,IN,862-280-8369
p-000293,9987064419,Lopez Clinic,Orthopedics,FL,IN,474-586-1647
p-000294,3400244542,Davis Clinic,Cardiology,MD,OUT,540-510-1251
p-000295,5025070544,Lopez Clinic,PrimaryCare,TX,IN,972-690-4974
p-000296,4022663059,Miller Clinic,Cardiology,NC,IN,994-489-7236
p-000297,6837975356,Jones Clinic,Endocrinology,IL,IN,709-677-2615
p-000298,6167393219,Garcia Clinic,OBGYN,IL,IN,426-959-3390
p-000299,7088451458,Williams Clinic,Cardiology,VA,IN,588-783-5026
p-000300,6744794855,Gonzalez Clinic,Orthopedics,IL,IN,940-857-9037
p-000301,8709361138,Williams Clinic,Cardiology,IL,IN,700-388-9882
p-000302,3250324141,Wilson Clinic,Orthopedics,VA,IN,884-249-1104
p-000303,3708842947,Johnson Clinic,Pulmonology,NY,IN,423-717-8471
p-000304,9849565863,Hernandez Clinic,Pulmonology,FL,OUT,694-875-8993
p-000305,9618334441,Rodriguez Clinic,OBGYN,VA,IN,742-939-5501
p-000306,9493209128,Smith Clinic,Psychiatry,GA,IN,890-640-3937
p-000307,4942989764,Rodriguez Clinic,Cardiology,MD,IN,834-739-5135
p-000308,2704657157,Garcia Clinic,OBGYN,FL,IN,449-913-4700
p-000309,4641561499,Hernandez Clinic,Orthopedics,CA,IN,232-295-7640
p-000310,3044426338,Hernandez Clinic,PrimaryCare,NY,IN,284-711-8109
p-000311,1182758417,Brown Clinic,Orthopedics,FL,IN,780-686-5441
p-000312,4969233836,Hernandez Clinic,Endocrinology,VA,OUT,777-873-1539
p-000313,2350701477,Brown Clinic,Psychiatry,MO,IN,929-607-2260
p-000314,6719736115,Gonzalez Clinic,Pulmonology,CA,IN,905-941-2284
p-000315,2485455239,Johnson Clinic,OBGYN,GA,IN,277-548-7499
p-000316,9717175839,Jones Clinic,Orthopedics,FL,OUT,702-433-6829
p-000317,9337145038,Miller Clinic,Cardiology,GA,IN,876-589-2404
p-000318,1315708805,Jones Clinic,Cardiology,NC,IN,849-357-7383
p-000319,2549195708,Johnson Clinic,PrimaryCare,FL,OUT,655-568-5419
p-000320,1569113257,Williams Clinic,OBGYN,MD,IN,768-724-7685
p-000321,1112794026,Garcia Clinic,Psychiatry,MD,IN,812-532-7311
p-000322,6548442140,Miller Clinic,Orthopedics,VA,IN,772-448-9537
p-000323,8238377072,Williams Clinic,Cardiology,MO,IN,474-704-3390
p-000324,6013117609,Jones Clinic,OBGYN,MD,IN,278-569-5123
p-000325,3648572296,Davis Clinic,PrimaryCare,TX,IN,206-605-6443
p-000326,8998080862,Davis Clinic,Endocrinology,NC,IN,866-808-3230
p-000327,6157617867,Garcia Clinic,Cardiology,CA,OUT,526-498-9044
p-000328,4358554365,Garcia Clinic,OBGYN,NC,IN,602-573-2865
p-000329,8418324922,Lopez Clinic,Cardiology,NC,IN,498-909-2133
p-000330,8185384294,Williams Clinic,Pulmonology,NY,IN,458-874-3525
p-000331,8684026200,Johnson Clinic,OBGYN,NY,OUT,690-796-7566
p-000332,8265834251,Rodriguez Clinic,PrimaryCare,GA,IN,568-918-9796
p-000333,1364994639,Gonzalez Clinic,Cardiology,NC,IN,563-370-1725
p-000334,8527715219,Gonzalez Clinic,OBGYN,NC,IN,300-464-4637
p-000335,6244291385,Garcia Clinic,OBGYN,GA,IN,895-802-9199
p-000336,5400463094,Johnson Clinic,Endocrinology,MO,IN,287-318-3321
p-000337,6634526139,Davis Clinic,Orthopedics,FL,IN,694-556-8801
p-000338,8287542751,Garcia Clinic,PrimaryCare,MD,IN,927-317-1370
p-000339,3783009621,Hernandez Clinic,Orthopedics,FL,IN,958-449-9454
p-000340,3370436671,Garcia Clinic,Psychiatry,MO,IN,673-437-7636
p-000341,8118083267,Miller Clinic,PrimaryCare,MO,IN,402-660-8037
p-000342,9609047368,Brown Clinic,Cardiology,NY,IN,920-264-2667
p-000343,6097953682,Garcia Clinic,Cardiology,GA,IN,468-886-9019
p-000344,5785590330,Garcia Clinic,Orthopedics,GA,IN,376-889-5873
p-000345,3534753843,Hernandez Clinic,Cardiology,NC,IN,444-512-2916
p-000346,6963404324,Martinez Clinic,Cardiology,MO,IN,633-390-8973
p-000347,5294535887,Rodriguez Clinic,Cardiology,GA,IN,343-391-6154
p-000348,3660345628,Wilson Clinic,Endocrinology,IL,OUT,696-339-4196
p-000349,7420846622,Hernandez Clinic,OBGYN,NY,IN,654-700-3740
p-000350,3428365056,Gonzalez Clinic,Orthopedics,MD,IN,233-481-4683
p-000351,2239829538,Gonzalez Clinic,OBGYN,GA,IN,991-984-9115
p-000352,3193894984,Martinez Clinic,PrimaryCare,GA,IN,756-575-9880
p-000353,2826025489,Lopez Clinic,Orthopedics,VA,IN,453-504-1528
p-000354,6423750090,Wilson Clinic,Orthopedics,IL,IN,320-994-4882
p-000355,8012696455,Williams Clinic,Psychiatry,TX,IN,411-411-1972
p-000356,3313993297,Garcia Clinic,Pulmonology,NC,IN,786-473-9428
p-000357,3817053070,Lopez Clinic,Orthopedics,MD,IN,349-928-6277
p-000358,8199372599,Davis Clinic,Cardiology,TX,IN,475-842-7786
p-000359,2941289685,Hernandez Clinic,Orthopedics,NY,OUT,295-612-9447
p-000360,9063016667,Davis Clinic,OBGYN,CA,IN,202-992-2526
p-000361,8289800644,Wilson Clinic,PrimaryCare,IL,IN,607-423-8039
p-000362,7419751815,Garcia Clinic,Orthopedics,TX,IN,760-791-3139
p-000363,8956094389,Gonzalez Clinic,Endocrinology,NC,OUT,980-249-1752
p-000364,8888575793,Smith Clinic,PrimaryCare,MD,OUT,361-651-8479
p-000365,2837384013,Lopez Clinic,Cardiology,VA,OUT,509-362-5489
p-000366,8106401208,Jones Clinic,PrimaryCare,MD,IN,864-369-1848
p-000367,7981917208,Lopez Clinic,Pulmonology,NY,IN,639-871-2494
p-000368,1004665657,Davis Clinic,PrimaryCare,MD,IN,431-731-8291
p-000369,9624563057,Garcia Clinic,Orthopedics,VA,IN,632-910-3165
p-000370,1304205279,Miller Clinic,PrimaryCare,IL,IN,304-305-6133
p-000371,9078786223,Williams Clinic,OBGYN,FL,IN,971-336-3340
p-000372,9626333315,Hernandez Clinic,Cardiology,MD,IN,939-418-3480
p-000373,1933058809,Anderson Clinic,PrimaryCare,NY,IN,326-803-7291
p-000374,9432088993,Garcia Clinic,Orthopedics,FL,IN,483-860-2380
p-000375,7904559790,Gonzalez Clinic,Pulmonology,TX,IN,874-508-4366
p-000376,6977525103,Hernandez Clinic,PrimaryCare,GA,IN,445-706-7322
p-000377,6330405542,Hernandez Clinic,Psychiatry,MD,IN,212-569-6185
p-000378,7102562415,Rodriguez Clinic,Pulmonology,MO,IN,682-988-2195
p-000379,3522707023,Smith Clinic,Endocrinology,VA,IN,261-607-9300
p-000380,7079234115,Lopez Clinic,OBGYN,CA,IN,749-750-3501
p-000381,5654014006,Johnson Clinic,Psychiatry,CA,OUT,359-749-6353
p-000382,3762327862,Jones Clinic,Pulmonology,NY,IN,444-259-5005
p-000383,9266213260,Johnson Clinic,OBGYN,MD,IN,256-516-3877
p-000384,9644330231,Williams Clinic,Pulmonology,MD,IN,708-555-9568
p-000385,8390631634,Williams Clinic,Endocrinology,GA,IN,999-475-2934
p-000386,7138902282,Rodriguez Clinic,PrimaryCare,VA,IN,790-842-2262
p-000387,2546720356,Davis Clinic,Orthopedics,IL,IN,576-361-5179
p-000388,1495354059,Lopez Clinic,Psychiatry,MD,IN,212-450-1753
p-000389,6858234447,Anderson Clinic,Cardiology,IL,IN,236-766-7870
p-000390,2382129132,Miller Clinic,Pulmonology,TX,IN,279-785-7108
p-000391,4873807154,Williams Clinic,Cardiology,MD,IN,247-610-2129
p-000392,9014547420,Gonzalez Clinic,Orthopedics,IL,IN,288-766-8483
p-000393,2584496586,Jones Clinic,Psychiatry,VA,IN,957-837-4974
p-000394,9469064524,Gonzalez Clinic,Orthopedics,IL,IN,759-978-5016
p-000395,2761091683,Brown Clinic,Psychiatry,MO,IN,910-209-6488
p-000396,2320748157,Brown Clinic,Psychiatry,VA,OUT,629-703-1981
p-000397,8351491401,Johnson Clinic,PrimaryCare,MO,OUT,732-622-7102
p-000398,9954587710,Johnson Clinic,Psychiatry,IL,IN,603-276-2020
p-000399,1561387824,Jones Clinic,Endocrinology,NY,OUT,602-917-6345
p-000400,7239547458,Brown Clinic,PrimaryCare,FL,OUT,339-998-2785
p-000401,1453796587,Davis Clinic,OBGYN,MO,IN,323-748-6870
p-000402,7235936374,Davis Clinic,Endocrinology,TX,OUT,292-361-5984
p-000403,1173215225,Wilson Clinic,Orthopedics,NC,IN,293-928-5066
p-000404,9800175892,Jones Clinic,Endocrinology,FL,IN,378-231-7625
p-000405,3362751242,Johnson Clinic,OBGYN,IL,IN,343-324-1195
p-000406,5220094152,Williams Clinic,Cardiology,VA,IN,581-902-2376
p-000407,7812328180,Anderson Clinic,Orthopedics,NC,IN,266-402-8265
p-000408,8769111397,Johnson Clinic,PrimaryCare,MO,OUT,251-372-8096
p-000409,3130846652,Miller Clinic,Pulmonology,NY,IN,562-419-4066
p-000410,6496933442,Anderson Clinic,Cardiology,CA,IN,834-831-5026
p-000411,7437690455,Anderson Clinic,Psychiatry,CA,IN,289-486-7275
p-000412,2800599868,Hernandez Clinic,Orthopedics,MO,IN,845-756-1319
p-000413,6837342064,Rodriguez Clinic,Orthopedics,NY,IN,779-714-6269
p-000414,2161512446,Smith Clinic,Endocrinology,NY,IN,230-997-5602
p-000415,1685583357,Brown Clinic,Pulmonology,VA,IN,746-954-1916
p-000416,6963229328,Anderson Clinic,Orthopedics,TX,OUT,377-380-4875
p-000417,3540741595,Lopez Clinic,Pulmonology,NC,IN,781-777-3328
p-000418,5073211715,Wilson Clinic,Orthopedics,NC,OUT,704-755-6063
p-000419,3106408413,Johnson Clinic,PrimaryCare,MO,IN,424-220-9625
p-000420,5297902885,Anderson Clinic,Psychiatry,IL,IN,333-548-3907
p-000421,1255790920,Williams Clinic,Psychiatry,FL,IN,345-992-2817
p-000422,8991514523,Johnson Clinic,Endocrinology,GA,IN,878-605-2655
p-000423,6591038760,Williams Clinic,Cardiology,FL,IN,647-854-8982
p-000424,8675071314,Brown Clinic,Pulmonology,FL,IN,379-587-6026
p-000425,1546957087,Lopez Clinic,PrimaryCare,CA,OUT,786-600-1530
p-000426,7882206934,Anderson Clinic,Orthopedics,MO,OUT,426-854-2705
p-000427,5899025962,Lopez Clinic,PrimaryCare,IL,IN,527-371-2453
p-000428,2918260963,Jones Clinic,Cardiology,FL,IN,269-558-5205
p-000429,4094152811,Smith Clinic,OBGYN,MD,IN,629-370-7783
p-000430,9082143437,Garcia Clinic,Psychiatry,IL,IN,690-791-4695
p-000431,2938264714,Gonzalez Clinic,Orthopedics,MO,IN,220-526-5278
p-000432,5613655595,Williams Clinic,OBGYN,MD,IN,276-760-2525
p-000433,5428082088,Hernandez Clinic,Cardiology,FL,IN,644-360-1877
p-000434,2422040412,Brown Clinic,OBGYN,MD,IN,939-947-9849
p-000435,8132213650,Jones Clinic,Cardiology,CA,IN,602-785-9043
p-000436,5529063864,Smith Clinic,OBGYN,MO,IN,877-840-8869
p-000437,1416555576,Brown Clinic,Cardiology,TX,IN,283-684-2892
p-000438,8665986525,Davis Clinic,OBGYN,CA,OUT,471-293-9914
p-000439,6089026099,Anderson Clinic,OBGYN,NY,IN,656-245-5313
p-000440,7292376027,Brown Clinic,Orthopedics,IL,IN,263-354-2584
p-000441,8164611781,Gonzalez Clinic,Psychiatry,MD,IN,974-803-4727
p-000442,7539441086,Rodriguez Clinic,Pulmonology,GA,OUT,686-786-4860
p-000443,2283560032,Miller Clinic,Orthopedics,IL,IN,714-784-9467
p-000444,3664052763,Johnson Clinic,Orthopedics,NC,IN,371-416-4157
p-000445,5478258887,Johnson Clinic,Pulmonology,MO,IN,842-351-5225
p-000446,1287814151,Miller Clinic,Psychiatry,FL,IN,533-482-9514
p-000447,8652281649,Johnson Clinic,OBGYN,IL,IN,780-802-2641
p-000448,7059726570,Miller Clinic,Pulmonology,MD,IN,823-684-1613
p-000449,6477862024,Williams Clinic,Psychiatry,MO,IN,910-611-1635
p-000450,2020395327,Lopez Clinic,OBGYN,NY,OUT,581-220-6535
p-000451,6630484376,Wilson Clinic,OBGYN,CA,OUT,901-300-4734
p-000452,8489236010,Gonzalez Clinic,Orthopedics,MO,IN,946-626-2462
p-000453,2897158366,Anderson Clinic,Orthopedics,TX,IN,696-977-9462
p-000454,4526242854,Rodriguez Clinic,Orthopedics,FL,IN,518-926-9303
p-000455,1124331395,Brown Clinic,Orthopedics,NY,IN,259-455-1541
p-000456,6150137259,Garcia Clinic,Orthopedics,IL,IN,606-850-3029
p-000457,6334083514,Davis Clinic,Psychiatry,VA,IN,685-800-6730
p-000458,9136780852,Lopez Clinic,Orthopedics,FL,IN,491-228-7333
p-000459,5144289583,Wilson Clinic,Cardiology,VA,IN,893-411-5408
p-000460,3204526134,Wilson Clinic,Orthopedics,NY,OUT,898-209-8767
p-000461,3780439666,Martinez Clinic,Orthopedics,MO,IN,458-822-6004
p-000462,6792661894,Jones Clinic,Cardiology,CA,IN,893-733-7506
p-000463,1439427140,Rodriguez Clinic,Pulmonology,NC,OUT,583-774-5631
p-000464,3939532043,Davis Clinic,PrimaryCare,CA,IN,483-855-6327
p-000465,2283298067,Williams Clinic,Psychiatry,CA,IN,258-814-7620
p-000466,3923823693,Lopez Clinic,PrimaryCare,FL,IN,502-465-7857
p-000467,9741628563,Lopez Clinic,Psychiatry,NY,IN,551-943-4643
p-000468,3397657114,Jones Clinic,PrimaryCare,GA,IN,958-464-3999
p-000469,3810775408,Brown Clinic,Endocrinology,FL,IN,514-630-6428
p-000470,6557907251,Wilson Clinic,PrimaryCare,FL,IN,849-797-2166
p-000471,4820055862,Rodriguez Clinic,PrimaryCare,IL,OUT,590-742-5888
p-000472,4668931881,Williams Clinic,Cardiology,NY,IN,783-668-3346
p-000473,5642049890,Garcia Clinic,Pulmonology,FL,OUT,520-849-1950
p-000474,7236521132,Brown Clinic,Orthopedics,VA,IN,790-982-3595
p-000475,4349011298,Williams Clinic,Psychiatry,IL,IN,639-613-8029
p-000476,2646331504,Smith Clinic,Psychiatry,IL,IN,582-214-6279
p-000477,1818520766,Hernandez Clinic,PrimaryCare,GA,IN,454-431-6641
p-000478,1553753599,Miller Clinic,Psychiatry,CA,IN,371-266-1749
p-000479,9368586475,Davis Clinic,Pulmonology,CA,IN,736-545-8105
p-000480,9166381136,Garcia Clinic,Orthopedics,MO,IN,613-219-4742
p-000481,1563524533,Lopez Clinic,PrimaryCare,TX,IN,373-326-7006
p-000482,8045125420,Gonzalez Clinic,Psychiatry,VA,IN,808-249-2771
p-000483,9797102584,Johnson Clinic,OBGYN,VA,IN,326-760-5140
p-000484,4014501050,Brown Clinic,Pulmonology,IL,IN,209-508-7895
p-000485,5884080139,Wilson Clinic,PrimaryCare,MD,IN,832-320-5631
p-000486,4370518841,Davis Clinic,Cardiology,MD,IN,996-469-9571
p-000487,7054856909,Williams Clinic,PrimaryCare,TX,IN,412-904-8875
p-000488,2007192464,Smith Clinic,Pulmonology,FL,IN,313-787-9095
p-000489,5077839614,Gonzalez Clinic,Psychiatry,MO,IN,940-303-5192
p-000490,9492399988,Jones Clinic,OBGYN,TX,IN,378-240-5760
p-000491,6638034087,Lopez Clinic,PrimaryCare,FL,IN,976-246-1158
p-000492,6027311960,Garcia Clinic,OBGYN,MO,OUT,474-950-2522
p-000493,8795212264,Williams Clinic,PrimaryCare,FL,IN,667-478-7319
p-000494,8730507757,Hernandez Clinic,Orthopedics,IL,IN,335-912-1960
p-000495,5740411708,Anderson Clinic,Psychiatry,MO,IN,782-894-8178
p-000496,7920580262,Gonzalez Clinic,Endocrinology,MO,IN,900-944-3140
p-000497,9248046539,Johnson Clinic,OBGYN,IL,IN,264-467-6148
p-000498,3426709025,Hernandez Clinic,Orthopedics,VA,IN,735-904-2560
p-000499,6362597344,Garcia Clinic,Pulmonology,NY,IN,594-352-1894
p-000500,8940731272,Wilson Clinic,OBGYN,VA,OUT,276-969-9055
